aln_base,invariants,singletons,patterns,entropy
clean_E1693.phy-out.fas,342,91,1668,0.529839
clean_E0607.phy-out.fas,98,9,188,0.319286
clean_E1015.phy-out.fas,143,26,261,0.243814
clean_E0357.phy-out.fas,117,13,131,0.229281
clean_E1545.phy-out.fas,284,67,609,0.327003
clean_E0868.phy-out.fas,107,17,204,0.307707
clean_E0798.phy-out.fas,73,15,216,0.359542
clean_E0235.phy-out.fas,53,13,144,0.349626
clean_E1427.phy-out.fas,147,51,621,0.492337
clean_E0765.phy-out.fas,87,14,186,0.310511
clean_E0895.phy-out.fas,65,21,242,0.493653
clean_E1535.phy-out.fas,194,30,275,0.269413
clean_E0327.phy-out.fas,84,19,170,0.346357
clean_E0987.phy-out.fas,114,31,219,0.32716
clean_E0818.phy-out.fas,125,15,137,0.214876
clean_E1457.phy-out.fas,337,98,621,0.306307
clean_E1107.phy-out.fas,155,32,301,0.313784
clean_E1098.phy-out.fas,97,28,303,0.424488
clean_E0193.phy-out.fas,99,13,151,0.271408
clean_E1640.phy-out.fas,550,106,1023,0.292408
clean_E0052.phy-out.fas,102,10,130,0.217562
clean_E1310.phy-out.fas,204,54,463,0.342234
clean_E1159.phy-out.fas,151,36,329,0.270906
clean_E0384.phy-out.fas,109,12,153,0.203236
clean_E0924.phy-out.fas,111,34,307,0.481113
clean_E0379.phy-out.fas,109,10,163,0.23081
clean_E0629.phy-out.fas,113,19,145,0.173382
clean_E0460.phy-out.fas,64,15,196,0.320166
clean_E1722.phy-out.fas,749,179,1722,0.33788
clean_E0130.phy-out.fas,97,9,119,0.264579
clean_E0022.phy-out.fas,82,14,133,0.289443
clean_E1630.phy-out.fas,431,41,478,0.279973
clean_E0572.phy-out.fas,71,19,194,0.421445
clean_E1360.phy-out.fas,328,73,298,0.117182
clean_E1479.phy-out.fas,356,133,740,0.411697
clean_E0954.phy-out.fas,121,26,249,0.277644
clean_E0659.phy-out.fas,100,12,184,0.339532
clean_E0836.phy-out.fas,98,18,208,0.381166
clean_E0410.phy-out.fas,70,13,161,0.363189
clean_E1202.phy-out.fas,165,6,180,0.312526
clean_E1752.phy-out.fas,357,29,390,0.233693
clean_E1381.phy-out.fas,188,34,477,0.36286
clean_E0593.phy-out.fas,76,20,178,0.305898
clean_E1507.phy-out.fas,278,54,567,0.34161
clean_E1057.phy-out.fas,69,29,308,0.569248
clean_E1498.phy-out.fas,367,43,528,0.294139
clean_E0727.phy-out.fas,91,25,238,0.287231
clean_E1577.phy-out.fas,183,92,875,0.44223
clean_E1145.phy-out.fas,404,214,678,0.639475
clean_E1415.phy-out.fas,295,52,472,0.260398
clean_E1293.phy-out.fas,40,18,328,0.590923
clean_E0540.phy-out.fas,50,10,192,0.453309
clean_E1602.phy-out.fas,528,52,723,0.275352
clean_E0010.phy-out.fas,59,6,157,0.429332
clean_E0696.phy-out.fas,103,17,200,0.270867
clean_E1084.phy-out.fas,154,14,264,0.33166
clean_E0966.phy-out.fas,113,22,206,0.270656
clean_E1079.phy-out.fas,99,29,278,0.322382
clean_E1529.phy-out.fas,348,61,553,0.29049
clean_E1230.phy-out.fas,108,50,443,0.441042
clean_E0530.phy-out.fas,43,18,202,0.479392
clean_E0060.phy-out.fas,35,15,123,0.439872
clean_E0229.phy-out.fas,60,6,138,0.379078
clean_E0779.phy-out.fas,118,19,212,0.261847
clean_E1009.phy-out.fas,119,21,174,0.263965
clean_E1559.phy-out.fas,224,56,712,0.362538
clean_E1196.phy-out.fas,158,51,365,0.295159
clean_E0784.phy-out.fas,74,20,225,0.385125
clean_E0874.phy-out.fas,99,8,205,0.347006
clean_E1240.phy-out.fas,98,24,376,0.457365
clean_E0555.phy-out.fas,91,13,186,0.30598
clean_E1347.phy-out.fas,85,31,227,0.384823
clean_E1091.phy-out.fas,37,6,107,0.326405
clean_E0973.phy-out.fas,68,21,263,0.426353
clean_E0167.phy-out.fas,106,11,123,0.251536
clean_E0075.phy-out.fas,88,15,140,0.292552
clean_E1337.phy-out.fas,226,51,422,0.266903
clean_E0525.phy-out.fas,99,5,150,0.265913
clean_E1183.phy-out.fas,176,33,327,0.286892
clean_E1255.phy-out.fas,158,77,520,0.368881
clean_E0447.phy-out.fas,71,19,178,0.39031
clean_E1705.phy-out.fas,538,231,884,0.301489
clean_E0117.phy-out.fas,45,24,174,0.384545
clean_E1394.phy-out.fas,202,56,484,0.324791
clean_E0419.phy-out.fas,96,13,174,0.29416
clean_E1042.phy-out.fas,51,20,301,0.492265
clean_E1512.phy-out.fas,285,91,849,0.449965
clean_E1470.phy-out.fas,130,23,301,0.420937
clean_E1120.phy-out.fas,97,27,325,0.483991
clean_E1369.phy-out.fas,168,29,483,0.444971
clean_E1032.phy-out.fas,163,39,183,0.16849
clean_E1562.phy-out.fas,429,46,689,0.286217
clean_E1400.phy-out.fas,171,42,509,0.359806
clean_E0742.phy-out.fas,123,17,151,0.226604
clean_E1286.phy-out.fas,194,34,360,0.22781
clean_E1319.phy-out.fas,195,27,360,0.329749
clean_E0488.phy-out.fas,62,18,169,0.289664
clean_E1305.phy-out.fas,214,37,357,0.243579
clean_E1583.phy-out.fas,432,76,1073,0.432331
clean_E0931.phy-out.fas,95,47,267,0.276156
clean_E1737.phy-out.fas,261,53,544,0.32708
clean_E1267.phy-out.fas,175,35,306,0.274202
clean_E1375.phy-out.fas,268,40,371,0.260871
clean_E0941.phy-out.fas,57,7,103,0.224556
clean_E0283.phy-out.fas,117,10,113,0.233378
clean_E1491.phy-out.fas,320,46,519,0.312841
clean_E1388.phy-out.fas,235,38,408,0.325723
clean_E1686.phy-out.fas,426,73,761,0.323117
clean_E1249.phy-out.fas,136,35,375,0.40691
clean_E1719.phy-out.fas,728,122,1505,0.363826
clean_E1550.phy-out.fas,245,95,793,0.399116
clean_E1000.phy-out.fas,131,22,254,0.299742
clean_E0770.phy-out.fas,89,22,190,0.325738
clean_E1432.phy-out.fas,115,72,651,0.547907
clean_E0220.phy-out.fas,64,19,166,0.28519
clean_E0880.phy-out.fas,86,15,237,0.358969
clean_E1239.phy-out.fas,135,35,317,0.375462
clean_E1520.phy-out.fas,297,53,682,0.336673
clean_E0662.phy-out.fas,82,29,210,0.301325
clean_E1112.phy-out.fas,173,78,430,0.330066
clean_E0250.phy-out.fas,50,12,169,0.373821
clean_E1442.phy-out.fas,280,33,480,0.287128
clean_E0186.phy-out.fas,43,11,135,0.414364
clean_E1405.phy-out.fas,71,31,228,0.308166
clean_E0217.phy-out.fas,64,11,174,0.358978
clean_E0747.phy-out.fas,97,11,158,0.27862
clean_E1283.phy-out.fas,98,42,448,0.441503
clean_E1567.phy-out.fas,283,119,885,0.422443
clean_E0375.phy-out.fas,64,0,76,0.241555
clean_E0958.phy-out.fas,69,29,224,0.385285
clean_E0267.phy-out.fas,65,13,171,0.393868
clean_E1125.phy-out.fas,146,26,308,0.319732
clean_E1391.phy-out.fas,83,12,114,0.280178
clean_E0583.phy-out.fas,70,16,144,0.343265
clean_E1488.phy-out.fas,238,66,696,0.370789
clean_E1047.phy-out.fas,129,12,249,0.348998
clean_E1186.phy-out.fas,123,32,382,0.3315
clean_E0794.phy-out.fas,69,29,234,0.430784
clean_E1549.phy-out.fas,198,50,456,0.348338
clean_E0442.phy-out.fas,65,12,191,0.391955
clean_E1250.phy-out.fas,202,36,328,0.20287
clean_E1700.phy-out.fas,390,88,782,0.354941
clean_E1662.phy-out.fas,407,88,798,0.28269
clean_E0906.phy-out.fas,99,23,242,0.388313
clean_E0239.phy-out.fas,83,12,163,0.31697
clean_E0814.phy-out.fas,56,32,239,0.440988
clean_E1539.phy-out.fas,343,66,519,0.338367
clean_E1069.phy-out.fas,101,25,306,0.376227
clean_E1612.phy-out.fas,486,83,849,0.320074
clean_E0686.phy-out.fas,56,14,213,0.354028
clean_E0719.phy-out.fas,96,40,215,0.200487
clean_E0249.phy-out.fas,101,18,152,0.265097
clean_E1088.phy-out.fas,59,22,321,0.419074
clean_E1117.phy-out.fas,321,105,432,0.298573
clean_E1447.phy-out.fas,197,59,630,0.447179
clean_E0255.phy-out.fas,57,20,183,0.298711
clean_E0808.phy-out.fas,90,23,234,0.302333
clean_E1525.phy-out.fas,279,178,1092,0.590541
clean_E1167.phy-out.fas,153,35,308,0.307887
clean_E1437.phy-out.fas,309,48,438,0.238666
clean_E1683.phy-out.fas,696,133,1196,0.292853
clean_E0788.phy-out.fas,155,9,154,0.225795
clean_E0347.phy-out.fas,76,14,154,0.291101
clean_E1005.phy-out.fas,77,28,317,0.547126
clean_E0826.phy-out.fas,87,24,219,0.311908
clean_E0649.phy-out.fas,76,10,199,0.376515
clean_E1212.phy-out.fas,62,28,426,0.558206
clean_E0562.phy-out.fas,75,23,173,0.322031
clean_E0944.phy-out.fas,94,20,271,0.451783
clean_E1469.phy-out.fas,277,57,519,0.296757
clean_E1139.phy-out.fas,139,33,341,0.382784
clean_E0639.phy-out.fas,62,17,217,0.349492
clean_E1732.phy-out.fas,446,45,479,0.258129
clean_E0120.phy-out.fas,55,12,164,0.362236
clean_E1262.phy-out.fas,147,26,373,0.397511
clean_E0470.phy-out.fas,90,44,169,0.191724
clean_E1300.phy-out.fas,235,69,451,0.326841
clean_E1650.phy-out.fas,113,15,222,0.32559
clean_E0042.phy-out.fas,111,10,129,0.204192
clean_E0934.phy-out.fas,125,16,234,0.300215
clean_E1586.phy-out.fas,323,70,841,0.359671
clean_E1419.phy-out.fas,280,51,495,0.396824
clean_E1149.phy-out.fas,133,28,350,0.365192
clean_E0833.phy-out.fas,146,9,204,0.278173
clean_E0293.phy-out.fas,66,17,168,0.343609
clean_E1481.phy-out.fas,180,53,691,0.425374
clean_E0415.phy-out.fas,120,19,155,0.186155
clean_E0145.phy-out.fas,90,19,143,0.226672
clean_E1398.phy-out.fas,221,58,537,0.355472
clean_E0027.phy-out.fas,75,15,162,0.29249
clean_E1365.phy-out.fas,235,30,417,0.34935
clean_E0951.phy-out.fas,81,32,257,0.366493
clean_E1277.phy-out.fas,76,7,91,0.275126
clean_E1645.phy-out.fas,227,69,571,0.328934
clean_E0507.phy-out.fas,87,13,135,0.296988
clean_E1593.phy-out.fas,203,59,556,0.37975
clean_E0240.phy-out.fas,34,13,184,0.432354
clean_E1452.phy-out.fas,314,42,487,0.322341
clean_E1102.phy-out.fas,125,27,234,0.307219
clean_E0559.phy-out.fas,70,16,176,0.342864
clean_E0009.phy-out.fas,48,17,160,0.375145
clean_E1229.phy-out.fas,144,38,375,0.392915
clean_E1060.phy-out.fas,94,7,126,0.335952
clean_E1530.phy-out.fas,301,61,557,0.276717
clean_E0230.phy-out.fas,99,11,162,0.26865
clean_E0760.phy-out.fas,93,24,174,0.300766
clean_E0529.phy-out.fas,98,11,156,0.368293
clean_E1709.phy-out.fas,559,81,1287,0.396916
clean_E1259.phy-out.fas,143,77,481,0.433209
clean_E0084.phy-out.fas,84,18,119,0.268577
clean_E0602.phy-out.fas,108,18,197,0.36052
clean_E1540.phy-out.fas,178,36,522,0.432069
clean_E0352.phy-out.fas,17,11,199,0.482311
clean_E0781.phy-out.fas,100,24,197,0.257299
clean_E1193.phy-out.fas,189,32,272,0.28938
clean_E1715.phy-out.fas,796,196,2079,0.370919
clean_E1245.phy-out.fas,54,19,244,0.403111
clean_E1327.phy-out.fas,263,47,406,0.229679
clean_E0535.phy-out.fas,108,9,132,0.261592
clean_E1677.phy-out.fas,467,185,1403,0.329783
clean_E0065.phy-out.fas,72,8,121,0.357822
clean_E0913.phy-out.fas,94,25,238,0.331452
clean_E0177.phy-out.fas,113,14,136,0.231374
clean_E1235.phy-out.fas,104,27,387,0.425292
clean_E1357.phy-out.fas,222,22,390,0.340397
clean_E1607.phy-out.fas,277,90,1028,0.458527
clean_E0752.phy-out.fas,95,19,199,0.300896
clean_E1140.phy-out.fas,177,36,281,0.25738
clean_E1410.phy-out.fas,93,29,410,0.473875
clean_E1659.phy-out.fas,521,84,901,0.367993
clean_E1309.phy-out.fas,114,35,510,0.508631
clean_E1296.phy-out.fas,170,69,459,0.35222
clean_E0484.phy-out.fas,69,14,167,0.299019
clean_E0630.phy-out.fas,42,25,201,0.422537
clean_E1022.phy-out.fas,74,19,151,0.281351
clean_E1130.phy-out.fas,101,21,173,0.363246
clean_E1460.phy-out.fas,161,51,601,0.469113
clean_E1629.phy-out.fas,331,104,1059,0.37484
clean_E1379.phy-out.fas,242,38,434,0.334243
clean_E0596.phy-out.fas,135,9,114,0.220683
clean_E1384.phy-out.fas,122,42,525,0.439083
clean_E1502.phy-out.fas,171,51,698,0.399539
clean_E0310.phy-out.fas,97,14,151,0.274593
clean_E0363.phy-out.fas,85,15,159,0.285575
clean_E1021.phy-out.fas,170,42,268,0.313206
clean_E0633.phy-out.fas,92,26,189,0.321427
clean_E1738.phy-out.fas,384,22,418,0.248627
clean_COI.phy-out.fas,316,21,491,0.509919
clean_E0518.phy-out.fas,118,9,128,0.223593
clean_E0487.phy-out.fas,41,14,198,0.379884
clean_E1295.phy-out.fas,125,51,424,0.310754
clean_E1143.phy-out.fas,180,18,232,0.290143
clean_E0751.phy-out.fas,80,23,214,0.352602
clean_E1413.phy-out.fas,168,54,496,0.366851
clean_E0643.phy-out.fas,57,19,199,0.364408
clean_E1051.phy-out.fas,77,26,269,0.398342
clean_E1218.phy-out.fas,83,40,321,0.333523
clean_E1748.phy-out.fas,239,62,654,0.39389
clean_E1387.phy-out.fas,107,25,350,0.416901
clean_E0595.phy-out.fas,73,16,120,0.245082
clean_E0721.phy-out.fas,83,41,209,0.320603
clean_E1133.phy-out.fas,66,22,367,0.514274
clean_E1463.phy-out.fas,206,71,603,0.482868
clean_E0910.phy-out.fas,124,14,177,0.287546
clean_E0536.phy-out.fas,83,28,169,0.188257
clean_E1324.phy-out.fas,108,13,110,0.215675
clean_E1674.phy-out.fas,658,78,889,0.318617
clean_E0104.phy-out.fas,74,14,139,0.218705
clean_E1246.phy-out.fas,112,24,320,0.390417
clean_E1689.phy-out.fas,396,86,1564,0.475309
clean_E1190.phy-out.fas,110,36,361,0.401838
clean_E0872.phy-out.fas,122,25,201,0.277844
clean_E1354.phy-out.fas,188,42,477,0.343223
clean_E0546.phy-out.fas,94,19,155,0.296507
clean_E1604.phy-out.fas,242,80,1038,0.429787
clean_E1236.phy-out.fas,123,40,441,0.438728
clean_E0802.phy-out.fas,114,13,176,0.299865
clean_E1063.phy-out.fas,126,17,233,0.313321
clean_E0671.phy-out.fas,78,19,186,0.337632
clean_E1533.phy-out.fas,210,26,354,0.304025
clean_E0981.phy-out.fas,107,15,157,0.228501
clean_E1348.phy-out.fas,104,18,100,0.154179
clean_E1618.phy-out.fas,317,77,1037,0.406571
clean_E0195.phy-out.fas,123,7,111,0.223047
clean_E1451.phy-out.fas,112,50,505,0.426226
clean_E1101.phy-out.fas,58,15,101,0.329393
clean_E0713.phy-out.fas,67,12,106,0.318009
clean_E1543.phy-out.fas,78,33,231,0.281927
clean_E0448.phy-out.fas,113,12,135,0.224205
clean_E1338.phy-out.fas,200,33,403,0.358398
clean_E1668.phy-out.fas,756,86,1028,0.277446
clean_E0233.phy-out.fas,56,13,154,0.344792
clean_E1421.phy-out.fas,247,40,463,0.312923
clean_E1171.phy-out.fas,90,24,343,0.479789
clean_E0893.phy-out.fas,74,20,191,0.435803
clean_E0952.phy-out.fas,101,20,234,0.329634
clean_E1636.phy-out.fas,53,13,222,0.386435
clean_E0574.phy-out.fas,71,11,199,0.377546
clean_E1366.phy-out.fas,187,37,444,0.374015
clean_E0416.phy-out.fas,92,15,176,0.271114
clean_E1204.phy-out.fas,210,20,298,0.230901
clean_E0589.phy-out.fas,143,7,143,0.186642
clean_E0830.phy-out.fas,111,21,223,0.296167
clean_E1590.phy-out.fas,319,87,812,0.390927
clean_E1646.phy-out.fas,357,54,695,0.362206
clean_E1316.phy-out.fas,57,18,320,0.472705
clean_E1289.phy-out.fas,125,94,499,0.583065
clean_E1274.phy-out.fas,139,23,366,0.41339
clean_E0466.phy-out.fas,128,4,108,0.235202
clean_E1724.phy-out.fas,436,82,1118,0.343348
clean_E0947.phy-out.fas,67,16,247,0.399721
clean_E0278.phy-out.fas,78,19,149,0.256375
clean_E1373.phy-out.fas,162,55,524,0.397401
clean_E0561.phy-out.fas,41,31,212,0.421634
clean_E0031.phy-out.fas,80,8,139,0.313219
clean_E1211.phy-out.fas,44,11,110,0.346427
clean_E0403.phy-out.fas,93,15,160,0.292317
clean_E1497.phy-out.fas,281,54,613,0.354228
clean_E0825.phy-out.fas,166,10,121,0.190132
clean_E1058.phy-out.fas,89,8,111,0.196919
clean_E0937.phy-out.fas,169,34,178,0.155588
clean_E0208.phy-out.fas,102,5,115,0.224955
clean_E0758.phy-out.fas,90,23,211,0.352323
clean_E0511.phy-out.fas,76,14,190,0.314862
clean_E1303.phy-out.fas,93,33,431,0.532911
clean_E1653.phy-out.fas,308,72,987,0.443613
clean_E1261.phy-out.fas,129,26,238,0.297706
clean_E1028.phy-out.fas,135,21,256,0.317627
clean_E1578.phy-out.fas,238,63,734,0.391309
clean_E0334.phy-out.fas,111,16,126,0.235785
clean_E1526.phy-out.fas,364,83,654,0.295169
clean_E0664.phy-out.fas,77,19,192,0.329212
clean_E0994.phy-out.fas,162,10,186,0.25284
clean_E0969.phy-out.fas,76,24,261,0.338083
clean_E0699.phy-out.fas,84,16,176,0.386025
clean_E0706.phy-out.fas,99,13,197,0.229809
clean_E1114.phy-out.fas,100,38,385,0.570577
clean_E1444.phy-out.fas,134,50,538,0.447649
clean_E1556.phy-out.fas,249,43,446,0.343437
clean_E0344.phy-out.fas,113,12,117,0.198924
clean_E1006.phy-out.fas,130,18,226,0.229353
clean_E0614.phy-out.fas,107,10,131,0.27675
clean_E1680.phy-out.fas,253,28,343,0.289725
clean_E1164.phy-out.fas,85,24,336,0.469972
clean_E0886.phy-out.fas,149,15,175,0.266802
clean_E1178.phy-out.fas,208,66,413,0.328959
clean_E1428.phy-out.fas,157,57,596,0.421129
clean_E1331.phy-out.fas,136,45,399,0.364153
clean_E0523.phy-out.fas,87,14,160,0.317777
clean_E1253.phy-out.fas,191,38,324,0.26442
clean_E0797.phy-out.fas,52,23,236,0.44277
clean_E1185.phy-out.fas,147,42,353,0.397524
clean_E1097.phy-out.fas,172,40,309,0.199472
clean_E0685.phy-out.fas,79,21,179,0.253569
clean_E1108.phy-out.fas,175,24,265,0.265066
clean_E1458.phy-out.fas,379,88,562,0.237
clean_E0003.phy-out.fas,58,9,156,0.419391
clean_E1611.phy-out.fas,224,73,1048,0.494543
clean_E0553.phy-out.fas,107,47,250,0.452917
clean_E1341.phy-out.fas,191,34,361,0.279981
clean_E1223.phy-out.fas,167,25,339,0.334052
clean_E0161.phy-out.fas,106,8,149,0.247603
clean_E0817.phy-out.fas,128,51,228,0.35187
clean_E0328.phy-out.fas,73,22,173,0.345588
clean_E0849.phy-out.fas,124,36,194,0.160655
clean_E0626.phy-out.fas,147,3,111,0.187655
clean_E0376.phy-out.fas,81,26,180,0.249719
clean_E1599.phy-out.fas,333,59,702,0.363449
clean_E1406.phy-out.fas,243,65,567,0.301776
clean_E0744.phy-out.fas,122,13,130,0.195571
clean_E0839.phy-out.fas,116,18,183,0.272669
clean_E0299.phy-out.fas,50,16,176,0.405099
clean_E1514.phy-out.fas,238,61,670,0.401595
clean_E0306.phy-out.fas,154,15,165,0.156349
clean_E0580.phy-out.fas,94,18,148,0.252915
clean_E1392.phy-out.fas,70,9,126,0.296407
clean_E1476.phy-out.fas,177,64,634,0.489384
clean_E0264.phy-out.fas,95,10,127,0.291446
clean_E1126.phy-out.fas,122,35,332,0.457882
clean_E0734.phy-out.fas,134,34,182,0.176741
clean_E1678.phy-out.fas,535,121,1417,0.393936
clean_E1328.phy-out.fas,176,46,425,0.377314
clean_E0883.phy-out.fas,84,25,208,0.35124
clean_E0773.phy-out.fas,25,12,238,0.47584
clean_E1161.phy-out.fas,106,41,383,0.388333
clean_E1431.phy-out.fas,218,44,533,0.306695
clean_E0341.phy-out.fas,94,15,172,0.281537
clean_E1003.phy-out.fas,98,13,240,0.381725
clean_E1685.phy-out.fas,724,113,1184,0.325383
clean_E0458.phy-out.fas,115,13,120,0.180451
clean_E0108.phy-out.fas,81,13,145,0.300115
clean_E0185.phy-out.fas,119,105,400,0.751979
clean_E1608.phy-out.fas,468,108,864,0.309556
clean_E1111.phy-out.fas,160,28,327,0.253693
clean_E1441.phy-out.fas,127,27,265,0.326904
clean_E0253.phy-out.fas,48,13,175,0.371612
clean_E1523.phy-out.fas,143,36,345,0.268293
clean_E0331.phy-out.fas,60,11,187,0.407438
clean_E0661.phy-out.fas,85,16,186,0.350623
clean_E0428.phy-out.fas,115,22,163,0.206485
clean_E0178.phy-out.fas,94,10,152,0.242973
clean_E0126.phy-out.fas,98,15,143,0.256875
clean_E0476.phy-out.fas,91,24,169,0.21911
clean_E0850.phy-out.fas,120,11,202,0.359095
clean_E0932.phy-out.fas,170,44,224,0.140234
clean_E1580.phy-out.fas,425,59,674,0.333603
clean_E0514.phy-out.fas,91,27,179,0.271305
clean_E1656.phy-out.fas,256,52,463,0.313517
clean_E0044.phy-out.fas,49,14,156,0.376825
clean_E1214.phy-out.fas,136,30,383,0.393074
clean_E0820.phy-out.fas,135,10,181,0.29348
clean_E1492.phy-out.fas,321,41,572,0.320402
clean_E0942.phy-out.fas,148,20,202,0.24226
clean_E1376.phy-out.fas,148,50,492,0.434635
clean_E1626.phy-out.fas,321,70,683,0.336088
clean_E0028.phy-out.fas,84,16,118,0.199883
clean_E1473.phy-out.fas,383,67,596,0.294644
clean_E1123.phy-out.fas,120,33,304,0.419086
clean_E1041.phy-out.fas,110,27,358,0.471581
clean_E0303.phy-out.fas,59,22,164,0.36187
clean_E1397.phy-out.fas,151,18,259,0.266623
clean_E1208.phy-out.fas,119,40,362,0.34585
clean_E0497.phy-out.fas,67,18,202,0.331463
clean_E1403.phy-out.fas,208,75,598,0.376281
clean_E0211.phy-out.fas,47,9,149,0.374997
clean_E1153.phy-out.fas,112,39,353,0.350235
clean_E0741.phy-out.fas,66,15,206,0.436425
clean_E1031.phy-out.fas,139,28,216,0.179621
clean_E0623.phy-out.fas,109,13,156,0.267676
clean_E1561.phy-out.fas,227,55,579,0.315751
clean_E1728.phy-out.fas,512,26,472,0.262599
clean_E1092.phy-out.fas,182,13,199,0.278415
clean_E0199.phy-out.fas,68,9,164,0.321443
clean_E1614.phy-out.fas,343,114,1098,0.381652
clean_E1344.phy-out.fas,176,26,287,0.293257
clean_E0556.phy-out.fas,78,18,183,0.350781
clean_E1699.phy-out.fas,308,69,902,0.404717
clean_E0444.phy-out.fas,88,17,145,0.218652
clean_E0114.phy-out.fas,102,11,136,0.254311
clean_E1706.phy-out.fas,378,40,516,0.32311
clean_E0862.phy-out.fas,139,48,254,0.323461
clean_E1180.phy-out.fas,131,29,315,0.322932
clean_E1664.phy-out.fas,254,30,316,0.300121
clean_E0526.phy-out.fas,50,15,199,0.317943
clean_E1334.phy-out.fas,135,40,469,0.395962
clean_E0171.phy-out.fas,87,14,155,0.331307
clean_E1233.phy-out.fas,149,36,396,0.324966
clean_E0668.phy-out.fas,43,17,212,0.441296
clean_E0338.phy-out.fas,106,11,154,0.205313
clean_E0807.phy-out.fas,114,15,221,0.248397
clean_E1118.phy-out.fas,108,22,304,0.393344
clean_E0965.phy-out.fas,58,10,120,0.335313
clean_E0543.phy-out.fas,93,13,147,0.3129
clean_E1351.phy-out.fas,162,35,454,0.408394
clean_E0013.phy-out.fas,73,17,127,0.325704
clean_E1601.phy-out.fas,346,95,992,0.409877
clean_E1713.phy-out.fas,260,96,1160,0.487185
clean_E1243.phy-out.fas,207,20,312,0.314575
clean_E0451.phy-out.fas,68,19,176,0.360304
clean_E0877.phy-out.fas,100,13,238,0.344636
clean_E1195.phy-out.fas,149,161,514,0.66139
clean_E1438.phy-out.fas,189,38,595,0.456669
clean_E0915.phy-out.fas,59,24,275,0.341667
clean_E1321.phy-out.fas,117,44,450,0.46461
clean_E0533.phy-out.fas,110,14,135,0.277575
clean_E0724.phy-out.fas,57,16,195,0.408544
clean_E1466.phy-out.fas,314,73,543,0.334479
clean_E1504.phy-out.fas,252,47,616,0.374275
clean_E0316.phy-out.fas,61,22,187,0.332687
clean_E0646.phy-out.fas,97,17,185,0.266705
clean_E1382.phy-out.fas,192,85,492,0.304822
clean_E1290.phy-out.fas,150,11,193,0.38547
clean_E1146.phy-out.fas,136,38,281,0.261223
clean_E1416.phy-out.fas,185,54,573,0.383173
clean_E1589.phy-out.fas,59,15,194,0.407654
clean_E0366.phy-out.fas,64,27,190,0.280715
clean_E1024.phy-out.fas,90,16,274,0.366682
clean_E1271.phy-out.fas,101,28,431,0.492767
clean_E1568.phy-out.fas,253,83,837,0.356456
clean_E1038.phy-out.fas,51,7,95,0.313339
clean_E0845.phy-out.fas,149,29,136,0.380036
clean_E0927.phy-out.fas,89,16,259,0.352794
clean_E1595.phy-out.fas,249,80,880,0.419227
clean_E1313.phy-out.fas,96,28,466,0.458993
clean_E0413.phy-out.fas,40,16,199,0.499331
clean_E1751.phy-out.fas,241,49,457,0.315565
clean_E1518.phy-out.fas,381,54,649,0.2582
clean_E1048.phy-out.fas,98,18,280,0.387328
clean_E0835.phy-out.fas,144,13,195,0.273029
clean_E0295.phy-out.fas,110,27,156,0.156878
clean_E0738.phy-out.fas,121,18,203,0.279892
clean_E0268.phy-out.fas,78,14,159,0.321299
clean_E1633.phy-out.fas,470,95,888,0.29462
clean_E0896.phy-out.fas,67,23,235,0.365647
clean_E1424.phy-out.fas,305,45,461,0.22736
clean_E1174.phy-out.fas,175,94,424,0.456266
clean_E1016.phy-out.fas,67,16,281,0.432328
clean_E1546.phy-out.fas,299,61,652,0.308868
clean_E0354.phy-out.fas,57,10,183,0.344395
clean_E1189.phy-out.fas,186,25,349,0.270757
clean_E1690.phy-out.fas,194,30,316,0.283895
clean_E1454.phy-out.fas,113,47,648,0.456034
clean_E1104.phy-out.fas,162,27,282,0.260254
clean_E0689.phy-out.fas,108,10,188,0.332186
clean_E0324.phy-out.fas,121,24,153,0.153298
clean_E1536.phy-out.fas,437,62,508,0.273015
clean_E0014.phy-out.fas,93,14,155,0.27099
clean_E0544.phy-out.fas,124,11,177,0.230452
clean_E1356.phy-out.fas,124,41,514,0.364819
clean_E0176.phy-out.fas,81,15,163,0.280773
clean_E0800.phy-out.fas,52,30,248,0.439023
clean_E0912.phy-out.fas,134,15,216,0.264472
clean_E1676.phy-out.fas,617,96,1199,0.364928
clean_E1326.phy-out.fas,155,58,493,0.465403
clean_E0534.phy-out.fas,144,3,96,0.208125
clean_E0099.phy-out.fas,72,12,153,0.299281
clean_E1244.phy-out.fas,130,36,348,0.397695
clean_E0456.phy-out.fas,100,20,166,0.256502
clean_E1714.phy-out.fas,200,41,283,0.261471
clean_E1192.phy-out.fas,151,58,399,0.302139
clean_E1053.phy-out.fas,116,29,279,0.370777
clean_E0641.phy-out.fas,160,23,131,0.07527
clean_E0311.phy-out.fas,63,15,160,0.348968
clean_E0597.phy-out.fas,114,11,139,0.226918
clean_E1385.phy-out.fas,285,35,424,0.270375
clean_E0158.phy-out.fas,78,23,133,0.242498
clean_E1378.phy-out.fas,241,37,390,0.331205
clean_E1628.phy-out.fas,170,29,480,0.409213
clean_E1131.phy-out.fas,100,21,199,0.318008
clean_E1023.phy-out.fas,76,22,275,0.362434
clean_E1573.phy-out.fas,184,68,858,0.510829
clean_E1297.phy-out.fas,291,68,443,0.346816
clean_E0203.phy-out.fas,77,11,153,0.292884
clean_E1411.phy-out.fas,142,42,588,0.415121
clean_E0499.phy-out.fas,55,15,198,0.447781
clean_E0506.phy-out.fas,83,19,169,0.297146
clean_E1314.phy-out.fas,194,30,409,0.305347
clean_E1644.phy-out.fas,494,140,1182,0.34052
clean_E0464.phy-out.fas,99,14,168,0.28171
clean_E1276.phy-out.fas,227,40,423,0.241896
clean_E0842.phy-out.fas,52,12,87,0.243078
clean_E1364.phy-out.fas,221,77,585,0.477251
clean_E0576.phy-out.fas,97,17,145,0.309626
clean_E0026.phy-out.fas,96,10,146,0.241673
clean_E1399.phy-out.fas,136,34,543,0.510977
clean_E1206.phy-out.fas,155,35,245,0.244353
clean_E0832.phy-out.fas,156,14,136,0.172128
clean_E1480.phy-out.fas,120,25,373,0.40895
clean_E1541.phy-out.fas,298,41,334,0.175083
clean_E0353.phy-out.fas,92,7,143,0.269627
clean_E1011.phy-out.fas,106,21,271,0.342876
clean_E1697.phy-out.fas,336,125,963,0.370262
clean_E1258.phy-out.fas,161,33,324,0.283525
clean_E0528.phy-out.fas,33,13,192,0.526056
clean_E0891.phy-out.fas,94,11,221,0.382046
clean_E0761.phy-out.fas,39,21,227,0.44434
clean_E1423.phy-out.fas,82,14,125,0.198267
clean_E1531.phy-out.fas,223,64,734,0.382144
clean_E0673.phy-out.fas,100,6,152,0.309947
clean_E1061.phy-out.fas,161,31,261,0.271776
clean_E1228.phy-out.fas,85,38,429,0.555594
clean_E0558.phy-out.fas,101,17,179,0.30359
clean_E1103.phy-out.fas,70,10,160,0.346021
clean_E0241.phy-out.fas,86,20,166,0.304049
clean_E1004.phy-out.fas,59,17,283,0.430838
clean_E1554.phy-out.fas,443,54,657,0.266971
clean_E0789.phy-out.fas,54,32,277,0.404924
clean_E1166.phy-out.fas,146,28,265,0.353385
clean_E0996.phy-out.fas,72,20,258,0.379179
clean_E1074.phy-out.fas,107,53,365,0.557227
clean_E1524.phy-out.fas,384,99,746,0.303418
clean_E0336.phy-out.fas,113,8,123,0.307507
clean_E1116.phy-out.fas,105,28,330,0.3348
clean_E1089.phy-out.fas,75,24,289,0.399749
clean_E1418.phy-out.fas,131,35,543,0.472477
clean_E0935.phy-out.fas,59,32,248,0.428261
clean_E0395.phy-out.fas,105,16,176,0.271435
clean_E1587.phy-out.fas,486,64,729,0.266024
clean_E1651.phy-out.fas,300,101,1245,0.496245
clean_E1263.phy-out.fas,267,45,343,0.148871
clean_E0471.phy-out.fas,106,19,156,0.256678
clean_E0121.phy-out.fas,69,8,120,0.278333
clean_E0638.phy-out.fas,79,20,201,0.351047
clean_E0857.phy-out.fas,68,8,90,0.2878
clean_E1138.phy-out.fas,151,25,283,0.284549
clean_E0945.phy-out.fas,143,41,205,0.170162
clean_E0033.phy-out.fas,76,15,142,0.303425
clean_E1621.phy-out.fas,362,61,965,0.400223
clean_E0563.phy-out.fas,74,22,167,0.287237
clean_E1371.phy-out.fas,163,62,518,0.399043
clean_E0151.phy-out.fas,114,10,132,0.210697
clean_E0827.phy-out.fas,110,21,213,0.276717
clean_E1495.phy-out.fas,268,83,634,0.352513
clean_E0654.phy-out.fas,130,8,122,0.276495
clean_E1046.phy-out.fas,140,22,255,0.289639
clean_E1390.phy-out.fas,113,36,444,0.42619
clean_E1124.phy-out.fas,119,40,304,0.280134
clean_E0266.phy-out.fas,87,19,136,0.193206
clean_E1474.phy-out.fas,330,63,547,0.264391
clean_E0959.phy-out.fas,84,24,244,0.372746
clean_E1566.phy-out.fas,66,24,316,0.464263
clean_E0374.phy-out.fas,98,18,170,0.214054
clean_E0624.phy-out.fas,87,13,182,0.330773
clean_E0490.phy-out.fas,72,25,185,0.219235
clean_E1282.phy-out.fas,172,35,364,0.410093
clean_E1154.phy-out.fas,45,11,157,0.379494
clean_E1404.phy-out.fas,194,69,629,0.4661
clean_E0216.phy-out.fas,103,7,123,0.288332
clean_E0929.phy-out.fas,148,23,190,0.201818
clean_E0718.phy-out.fas,86,17,179,0.365044
clean_E1095.phy-out.fas,173,21,286,0.218063
clean_E1343.phy-out.fas,185,42,427,0.343227
clean_E0551.phy-out.fas,75,12,168,0.304132
clean_E1613.phy-out.fas,101,37,268,0.366897
clean_E0001.phy-out.fas,86,21,118,0.202362
clean_E0433.phy-out.fas,60,13,174,0.399086
clean_E1068.phy-out.fas,103,27,260,0.354316
clean_E1538.phy-out.fas,270,56,621,0.368404
clean_E0768.phy-out.fas,88,14,196,0.374835
clean_E0898.phy-out.fas,119,14,167,0.297655
clean_E0907.phy-out.fas,83,6,104,0.281217
clean_E0521.phy-out.fas,57,8,92,0.281907
clean_E1333.phy-out.fas,185,25,386,0.383923
clean_E1663.phy-out.fas,508,151,1315,0.397848
clean_E1701.phy-out.fas,594,94,735,0.282706
clean_E1251.phy-out.fas,183,83,524,0.436544
clean_E1548.phy-out.fas,214,38,683,0.47504
clean_E0865.phy-out.fas,47,21,130,0.391831
clean_E1187.phy-out.fas,165,41,352,0.274256
clean_E1216.phy-out.fas,88,42,383,0.370248
clean_E0404.phy-out.fas,69,10,161,0.364307
clean_E1746.phy-out.fas,187,73,723,0.401244
clean_E0154.phy-out.fas,104,11,141,0.236888
clean_E0282.phy-out.fas,73,14,156,0.301324
clean_E0822.phy-out.fas,83,28,279,0.499862
clean_E1624.phy-out.fas,388,79,858,0.355256
clean_E1266.phy-out.fas,139,19,276,0.283721
clean_E0852.phy-out.fas,127,20,207,0.285861
clean_E1582.phy-out.fas,366,152,1013,0.424812
clean_E0930.phy-out.fas,123,16,227,0.282896
clean_E0516.phy-out.fas,77,14,173,0.354688
clean_E1443.phy-out.fas,315,65,504,0.315866
clean_E1113.phy-out.fas,112,34,335,0.39378
clean_E0663.phy-out.fas,100,14,181,0.261923
clean_E1071.phy-out.fas,110,44,302,0.260278
clean_E1521.phy-out.fas,97,26,329,0.401219
clean_E1238.phy-out.fas,234,34,348,0.23531
clean_E0538.phy-out.fas,139,8,145,0.175778
clean_E1163.phy-out.fas,107,13,145,0.275224
clean_E0881.phy-out.fas,62,9,99,0.270025
clean_E1001.phy-out.fas,77,22,146,0.258478
clean_E0613.phy-out.fas,142,3,157,0.233317
clean_E1551.phy-out.fas,414,108,757,0.357838
clean_E0343.phy-out.fas,78,16,203,0.369397
clean_E1718.phy-out.fas,508,159,2465,0.469303
clean_E0095.phy-out.fas,94,14,147,0.281243
clean_E1687.phy-out.fas,452,105,1246,0.410728
clean_E1254.phy-out.fas,289,22,283,0.163327
clean_E0089.phy-out.fas,117,6,112,0.189358
clean_E1182.phy-out.fas,198,40,291,0.251073
clean_E0860.phy-out.fas,141,21,207,0.215115
clean_E0436.phy-out.fas,78,15,167,0.332247
clean_E1224.phy-out.fas,156,24,310,0.311136
clean_E0810.phy-out.fas,86,20,189,0.299786
clean_E1090.phy-out.fas,219,12,189,0.213207
clean_E0682.phy-out.fas,77,21,190,0.4008
clean_E0972.phy-out.fas,81,23,256,0.342481
clean_E0554.phy-out.fas,51,13,202,0.417634
clean_E1346.phy-out.fas,170,29,445,0.400368
clean_E1318.phy-out.fas,117,44,544,0.522695
clean_E1287.phy-out.fas,175,39,403,0.35874
clean_E0743.phy-out.fas,24,13,248,0.514612
clean_E1151.phy-out.fas,169,51,354,0.361145
clean_E0213.phy-out.fas,66,12,152,0.357619
clean_E1401.phy-out.fas,140,33,498,0.460611
clean_E1563.phy-out.fas,60,38,555,0.545997
clean_E0138.phy-out.fas,59,17,152,0.323439
clean_E1638.phy-out.fas,592,67,846,0.298051
clean_E1368.phy-out.fas,218,43,429,0.269
clean_E0263.phy-out.fas,120,8,133,0.195421
clean_E1513.phy-out.fas,228,60,608,0.386487
clean_E0301.phy-out.fas,85,26,161,0.220438
clean_E0148.phy-out.fas,119,6,156,0.199919
clean_E0587.phy-out.fas,93,21,186,0.245297
clean_E1395.phy-out.fas,167,38,457,0.398026
clean_E0399.phy-out.fas,99,17,163,0.252187
clean_E0364.phy-out.fas,102,12,128,0.176183
clean_E0949.phy-out.fas,120,29,250,0.266787
clean_E0726.phy-out.fas,66,19,219,0.388332
clean_E1499.phy-out.fas,85,8,144,0.378699
clean_E1056.phy-out.fas,94,23,292,0.356229
clean_E0314.phy-out.fas,79,7,151,0.368655
clean_E1506.phy-out.fas,59,30,358,0.536014
clean_E1380.phy-out.fas,296,68,553,0.351565
clean_E0592.phy-out.fas,75,13,150,0.294625
clean_E1241.phy-out.fas,92,16,297,0.417485
clean_E1711.phy-out.fas,526,139,1362,0.339937
clean_E1197.phy-out.fas,161,29,406,0.379631
clean_E0785.phy-out.fas,77,17,214,0.362927
clean_E0875.phy-out.fas,119,22,212,0.259863
clean_E1558.phy-out.fas,377,81,677,0.319527
clean_E1008.phy-out.fas,138,24,235,0.259082
clean_E0917.phy-out.fas,145,21,205,0.202077
clean_E0778.phy-out.fas,127,22,162,0.215483
clean_E0228.phy-out.fas,66,16,165,0.326816
clean_E0061.phy-out.fas,41,15,184,0.415974
clean_E1673.phy-out.fas,215,59,713,0.428683
clean_E0531.phy-out.fas,85,11,162,0.366509
clean_E1323.phy-out.fas,194,31,368,0.295526
clean_E0805.phy-out.fas,83,25,196,0.32774
clean_E1078.phy-out.fas,147,16,211,0.281845
clean_E0708.phy-out.fas,57,28,214,0.383237
clean_E0011.phy-out.fas,77,14,131,0.343054
clean_E0541.phy-out.fas,119,8,129,0.19218
clean_E1099.phy-out.fas,106,23,273,0.359421
clean_E1106.phy-out.fas,61,24,335,0.42132
clean_E0714.phy-out.fas,85,27,204,0.253059
clean_E1456.phy-out.fas,217,44,557,0.358583
clean_E1534.phy-out.fas,207,71,742,0.408842
clean_E1064.phy-out.fas,38,23,248,0.479479
clean_E0764.phy-out.fas,67,20,208,0.359872
clean_E1426.phy-out.fas,245,36,487,0.340027
clean_E0894.phy-out.fas,149,15,186,0.26657
clean_E1544.phy-out.fas,229,29,493,0.383484
clean_E0606.phy-out.fas,121,13,162,0.211066
clean_E1692.phy-out.fas,159,26,279,0.324496
clean_E0080.phy-out.fas,60,19,160,0.294148
clean_E1753.phy-out.fas,242,36,599,0.48122
clean_E0411.phy-out.fas,71,18,159,0.260073
clean_E1203.phy-out.fas,191,27,310,0.3068
clean_E0297.phy-out.fas,104,10,113,0.219744
clean_E0837.phy-out.fas,154,8,141,0.22544
clean_E0658.phy-out.fas,60,39,245,0.518519
clean_E1128.phy-out.fas,79,6,99,0.279571
clean_E1361.phy-out.fas,94,15,155,0.243711
clean_E1631.phy-out.fas,268,69,887,0.455446
clean_E1723.phy-out.fas,704,171,1733,0.371097
clean_E1273.phy-out.fas,44,31,473,0.502757
clean_E0461.phy-out.fas,111,16,169,0.210467
clean_E0847.phy-out.fas,133,8,164,0.227874
clean_E0628.phy-out.fas,75,10,198,0.387451
clean_E0378.phy-out.fas,61,19,173,0.378908
clean_E0385.phy-out.fas,95,8,154,0.291608
clean_E0925.phy-out.fas,127,48,233,0.20875
clean_E1408.phy-out.fas,232,43,456,0.326169
clean_E1158.phy-out.fas,85,30,249,0.288462
clean_E1311.phy-out.fas,222,21,377,0.294716
clean_E0503.phy-out.fas,113,13,152,0.236689
clean_E1641.phy-out.fas,429,87,995,0.376578
clean_E1362.phy-out.fas,150,52,537,0.448931
clean_E0020.phy-out.fas,76,16,135,0.244769
clean_E0956.phy-out.fas,85,13,242,0.461728
clean_E0269.phy-out.fas,100,4,129,0.311118
clean_E0834.phy-out.fas,126,15,157,0.287889
clean_E1486.phy-out.fas,469,39,323,0.159841
clean_E1519.phy-out.fas,78,60,768,0.454266
clean_E1750.phy-out.fas,462,40,565,0.286161
clean_E0412.phy-out.fas,51,25,179,0.318472
clean_E1312.phy-out.fas,219,37,352,0.253338
clean_E0050.phy-out.fas,76,15,136,0.266934
clean_E1642.phy-out.fas,143,54,539,0.402026
clean_E1594.phy-out.fas,482,51,702,0.309348
clean_E0844.phy-out.fas,128,14,192,0.261887
clean_E0132.phy-out.fas,18,11,191,0.570442
clean_E1720.phy-out.fas,463,100,1232,0.335723
clean_E1270.phy-out.fas,128,23,421,0.421261
clean_E1537.phy-out.fas,151,97,855,0.550433
clean_E1067.phy-out.fas,74,18,279,0.499203
clean_E0717.phy-out.fas,46,30,223,0.365756
clean_E1105.phy-out.fas,134,31,285,0.234755
clean_E0247.phy-out.fas,126,3,93,0.229797
clean_E1455.phy-out.fas,159,49,443,0.33531
clean_E0191.phy-out.fas,71,6,153,0.38183
clean_E0083.phy-out.fas,64,18,151,0.30998
clean_E1691.phy-out.fas,418,124,882,0.302745
clean_E1547.phy-out.fas,99,42,497,0.477275
clean_E0355.phy-out.fas,94,11,149,0.234085
clean_E1017.phy-out.fas,107,12,166,0.289458
clean_E0897.phy-out.fas,168,15,197,0.224447
clean_E1425.phy-out.fas,234,49,552,0.393963
clean_E1670.phy-out.fas,334,82,637,0.426253
clean_E0062.phy-out.fas,83,15,128,0.275205
clean_E1320.phy-out.fas,55,16,149,0.28228
clean_E0532.phy-out.fas,73,32,172,0.193917
clean_E0914.phy-out.fas,130,13,197,0.268246
clean_E1169.phy-out.fas,153,37,310,0.329949
clean_E0876.phy-out.fas,116,12,177,0.30068
clean_E1194.phy-out.fas,227,19,281,0.247926
clean_E0619.phy-out.fas,51,18,207,0.394665
clean_E1242.phy-out.fas,311,85,499,0.262885
clean_E0450.phy-out.fas,130,6,138,0.23213
clean_E0012.phy-out.fas,59,12,166,0.322766
clean_E1600.phy-out.fas,431,61,892,0.354698
clean_E0542.phy-out.fas,77,18,204,0.276704
clean_E1350.phy-out.fas,144,37,460,0.410942
clean_E0964.phy-out.fas,88,23,269,0.398076
clean_E1086.phy-out.fas,164,33,253,0.217227
clean_E0694.phy-out.fas,49,16,143,0.342987
clean_E1449.phy-out.fas,135,48,687,0.49724
clean_E0339.phy-out.fas,82,19,169,0.387207
clean_E1232.phy-out.fas,115,58,430,0.391188
clean_E0170.phy-out.fas,62,12,159,0.319698
clean_E0858.phy-out.fas,146,13,212,0.295347
clean_E0637.phy-out.fas,117,9,142,0.233389
clean_E0367.phy-out.fas,86,21,180,0.257975
clean_E1417.phy-out.fas,85,10,81,0.2559
clean_E1291.phy-out.fas,166,31,407,0.399687
clean_E1383.phy-out.fas,250,56,409,0.256224
clean_E1055.phy-out.fas,95,31,318,0.399578
clean_E1467.phy-out.fas,401,39,421,0.211232
clean_E0275.phy-out.fas,73,18,174,0.337086
clean_E1137.phy-out.fas,180,40,343,0.250588
clean_E1729.phy-out.fas,2429,298,3432,0.280182
clean_E1560.phy-out.fas,186,78,867,0.549531
clean_E1030.phy-out.fas,107,22,273,0.382438
clean_E1152.phy-out.fas,91,39,341,0.389704
clean_E0740.phy-out.fas,93,9,101,0.28871
clean_E0210.phy-out.fas,73,17,161,0.295778
clean_E0509.phy-out.fas,80,15,174,0.303873
clean_E0496.phy-out.fas,101,11,167,0.310666
clean_E1209.phy-out.fas,43,29,351,0.545866
clean_E1396.phy-out.fas,144,60,524,0.37217
clean_E0302.phy-out.fas,73,11,163,0.301194
clean_E1510.phy-out.fas,99,30,433,0.411079
clean_E1040.phy-out.fas,182,16,245,0.151033
clean_E1122.phy-out.fas,119,40,403,0.479456
clean_E1472.phy-out.fas,234,53,575,0.378066
clean_E0527.phy-out.fas,111,11,146,0.257609
clean_E1335.phy-out.fas,231,26,357,0.325165
clean_E1665.phy-out.fas,698,63,861,0.32114
clean_E0115.phy-out.fas,79,14,163,0.327774
clean_E0445.phy-out.fas,66,21,201,0.332222
clean_E1257.phy-out.fas,120,41,458,0.476945
clean_E1615.phy-out.fas,618,74,905,0.330144
clean_E0681.phy-out.fas,131,13,173,0.215816
clean_E1093.phy-out.fas,118,19,253,0.333602
clean_E1227.phy-out.fas,184,54,359,0.240964
clean_ND5.phy-out.fas,435,90,1737,0.713577
clean_E0179.phy-out.fas,109,5,115,0.291192
clean_E0990.phy-out.fas,117,40,321,0.400936
clean_E1072.phy-out.fas,38,28,328,0.412859
clean_E1522.phy-out.fas,364,49,530,0.303619
clean_E1440.phy-out.fas,193,63,598,0.423626
clean_E1110.phy-out.fas,117,26,293,0.310585
clean_E0702.phy-out.fas,141,7,142,0.219404
clean_E1359.phy-out.fas,219,40,474,0.287337
clean_E1609.phy-out.fas,316,83,966,0.384148
clean_E0109.phy-out.fas,67,15,146,0.366677
clean_E1684.phy-out.fas,677,99,1206,0.335039
clean_E0340.phy-out.fas,103,9,107,0.232507
clean_E0222.phy-out.fas,59,17,151,0.335265
clean_E1430.phy-out.fas,129,44,516,0.438496
clean_E0772.phy-out.fas,148,5,171,0.257485
clean_E1329.phy-out.fas,164,42,451,0.360419
clean_E1627.phy-out.fas,451,122,1187,0.372819
clean_E0565.phy-out.fas,96,12,190,0.359494
clean_E1377.phy-out.fas,139,34,522,0.433018
clean_E0943.phy-out.fas,97,22,241,0.308162
clean_E1493.phy-out.fas,161,50,666,0.413394
clean_E0281.phy-out.fas,58,15,171,0.336369
clean_E0157.phy-out.fas,58,12,166,0.370218
clean_E1657.phy-out.fas,728,123,1045,0.259673
clean_E0045.phy-out.fas,80,23,155,0.29054
clean_E1307.phy-out.fas,87,25,164,0.307046
clean_E1298.phy-out.fas,225,13,314,0.306084
clean_E0393.phy-out.fas,108,11,131,0.229528
clean_E1581.phy-out.fas,159,18,226,0.296339
clean_E1265.phy-out.fas,111,44,380,0.43503
clean_E0127.phy-out.fas,79,17,163,0.309539
clean_E0329.phy-out.fas,78,16,143,0.2977
clean_E0160.phy-out.fas,62,17,159,0.384526
clean_E0430.phy-out.fas,73,9,105,0.229973
clean_E1222.phy-out.fas,94,30,268,0.355114
clean_E0552.phy-out.fas,94,20,181,0.331013
clean_E1610.phy-out.fas,474,100,886,0.297692
clean_E1459.phy-out.fas,341,97,559,0.290948
clean_E1109.phy-out.fas,165,22,304,0.272191
clean_E1096.phy-out.fas,116,28,295,0.395461
clean_E0684.phy-out.fas,73,18,149,0.296265
clean_E0359.phy-out.fas,122,11,154,0.238432
clean_E0796.phy-out.fas,119,23,220,0.314228
clean_E1184.phy-out.fas,73,24,388,0.480846
clean_E0110.phy-out.fas,87,16,120,0.216258
clean_E1252.phy-out.fas,141,31,391,0.3686
clean_E0440.phy-out.fas,56,17,191,0.3617
clean_E1330.phy-out.fas,189,49,424,0.271591
clean_E0522.phy-out.fas,120,7,135,0.293852
clean_E1660.phy-out.fas,191,35,417,0.393372
clean_E0072.phy-out.fas,67,17,142,0.265781
clean_E1179.phy-out.fas,62,25,367,0.558667
clean_E1127.phy-out.fas,57,5,81,0.289981
clean_E0735.phy-out.fas,103,11,181,0.333965
clean_E1477.phy-out.fas,139,40,456,0.345786
clean_E1393.phy-out.fas,279,31,409,0.272017
clean_E1515.phy-out.fas,226,54,688,0.357103
clean_E0745.phy-out.fas,184,121,544,0.700316
clean_E1157.phy-out.fas,57,27,181,0.373976
clean_E1598.phy-out.fas,583,31,599,0.275527
clean_E1281.phy-out.fas,159,19,298,0.310306
clean_E0377.phy-out.fas,86,17,168,0.287314
clean_E1565.phy-out.fas,270,51,594,0.412777
clean_E0627.phy-out.fas,112,13,177,0.26797
clean_E0848.phy-out.fas,153,33,260,0.330994
clean_E1579.phy-out.fas,152,59,504,0.39448
clean_E1029.phy-out.fas,119,18,269,0.361107
clean_E1260.phy-out.fas,63,9,83,0.184716
clean_E0122.phy-out.fas,83,14,157,0.355186
clean_E1730.phy-out.fas,399,145,553,0.400537
clean_E1652.phy-out.fas,125,23,312,0.355735
clean_E1302.phy-out.fas,185,48,419,0.380682
clean_E0936.phy-out.fas,112,23,212,0.347586
clean_E1509.phy-out.fas,236,48,372,0.212365
clean_E1496.phy-out.fas,268,66,600,0.315816
clean_E1210.phy-out.fas,232,33,337,0.191969
clean_E1740.phy-out.fas,612,45,526,0.166102
clean_E1622.phy-out.fas,92,22,306,0.338492
clean_E0729.phy-out.fas,104,29,199,0.295723
clean_E1435.phy-out.fas,327,43,404,0.267759
clean_E0227.phy-out.fas,129,4,125,0.216534
clean_E1165.phy-out.fas,91,18,316,0.406819
clean_E0887.phy-out.fas,91,18,216,0.394025
clean_E0918.phy-out.fas,149,45,262,0.321713
clean_E0615.phy-out.fas,97,17,193,0.294264
clean_E1557.phy-out.fas,354,72,622,0.243646
clean_E0345.phy-out.fas,121,14,140,0.215815
clean_E0257.phy-out.fas,92,17,173,0.262321
clean_E1445.phy-out.fas,95,17,117,0.152629
clean_E0665.phy-out.fas,89,24,205,0.299047
clean_E1077.phy-out.fas,107,18,273,0.342452
clean_E1527.phy-out.fas,181,18,270,0.325967
clean_E0995.phy-out.fas,167,22,183,0.17782
clean_E1170.phy-out.fas,175,36,342,0.306085
clean_E1669.phy-out.fas,278,25,321,0.281003
clean_E1339.phy-out.fas,108,24,474,0.51836
clean_E0086.phy-out.fas,117,9,110,0.151877
clean_E0119.phy-out.fas,55,14,162,0.427894
clean_E1542.phy-out.fas,385,47,608,0.30338
clean_E1012.phy-out.fas,107,33,243,0.311915
clean_E1450.phy-out.fas,435,129,604,0.261171
clean_E0242.phy-out.fas,48,14,167,0.389874
clean_E1532.phy-out.fas,422,49,585,0.319107
clean_E0320.phy-out.fas,55,23,192,0.324889
clean_E1062.phy-out.fas,133,30,271,0.347208
clean_E0670.phy-out.fas,66,15,219,0.444551
clean_E0841.phy-out.fas,58,17,232,0.281583
clean_E1275.phy-out.fas,110,73,508,0.480784
clean_E0467.phy-out.fas,116,9,155,0.268107
clean_E1288.phy-out.fas,173,44,297,0.313895
clean_E1317.phy-out.fas,152,47,430,0.374093
clean_E0505.phy-out.fas,66,20,165,0.299987
clean_E1647.phy-out.fas,116,54,439,0.450043
clean_E0055.phy-out.fas,64,16,156,0.35917
clean_E0383.phy-out.fas,100,12,129,0.225695
clean_E1591.phy-out.fas,321,91,876,0.385579
clean_E1483.phy-out.fas,330,48,542,0.344571
clean_E0831.phy-out.fas,89,20,214,0.336746
clean_E0588.phy-out.fas,106,9,176,0.278966
clean_E0147.phy-out.fas,46,13,164,0.38621
clean_E1367.phy-out.fas,157,51,487,0.568747
clean_E1637.phy-out.fas,367,106,1082,0.40149
clean_E0270.phy-out.fas,78,16,176,0.30796
clean_E1462.phy-out.fas,191,62,670,0.491795
clean_E1132.phy-out.fas,81,30,337,0.42207
clean_E1386.phy-out.fas,113,34,462,0.358601
clean_E0594.phy-out.fas,160,87,475,0.788531
clean_E1749.phy-out.fas,332,55,723,0.363267
clean_E0312.phy-out.fas,57,20,181,0.354865
clean_E1500.phy-out.fas,215,47,646,0.3764
clean_E1412.phy-out.fas,209,55,566,0.348614
clean_E1142.phy-out.fas,123,28,346,0.355576
clean_E0486.phy-out.fas,156,35,106,0.092125
clean_E1294.phy-out.fas,90,47,426,0.373593
clean_E1739.phy-out.fas,496,111,796,0.266882
clean_E1269.phy-out.fas,70,9,108,0.301255
clean_E1020.phy-out.fas,132,22,229,0.34272
clean_E1570.phy-out.fas,119,18,323,0.358482
clean_CYTB.phy-out.fas,387,66,990,0.606275
clean_E1237.phy-out.fas,53,5,103,0.369606
clean_E0188.phy-out.fas,16,13,186,0.495583
clean_E1605.phy-out.fas,471,62,817,0.338301
clean_E1355.phy-out.fas,277,31,329,0.295591
clean_E1083.phy-out.fas,96,33,293,0.35691
clean_E0961.phy-out.fas,80,29,254,0.432854
clean_E1191.phy-out.fas,144,45,421,0.411775
clean_E0873.phy-out.fas,110,17,185,0.312427
clean_E1247.phy-out.fas,233,24,247,0.224119
clean_E1717.phy-out.fas,1165,301,2108,0.349773
clean_E1675.phy-out.fas,462,105,1273,0.40871
clean_E0537.phy-out.fas,66,16,151,0.348445
clean_E1325.phy-out.fas,149,35,402,0.356051
clean_E0911.phy-out.fas,135,26,223,0.189461
